<?xml version="1.0" encoding="utf-8"?>
<selector xmlns:android="http://schemas.android.com/apk/res/android">

    <item android:state_enabled="false"><shape>
            <corners android:bottomLeftRadius="5dp" android:bottomRightRadius="0dp" android:topLeftRadius="5dp" android:topRightRadius="0dp" />
            <solid android:color="@color/blue" />
            <stroke android:width="1dp" android:color="@color/blue" />
        </shape>
    </item>
    <item android:state_pressed="true"><shape>
            <corners android:bottomLeftRadius="5dp" android:bottomRightRadius="0dp" android:topLeftRadius="5dp" android:topRightRadius="0dp" />
            <solid android:color="@color/blue" />
            <stroke android:width="1dp" android:color="@color/blue" />
        </shape>
    </item>
    <item><shape>
            <corners android:bottomLeftRadius="5dp" android:bottomRightRadius="0dp" android:topLeftRadius="5dp" android:topRightRadius="0dp" />
            <solid android:color="@color/whites" />
            <stroke android:width="1dp" android:color="@color/blue" />
        </shape>
    </item>

</selector>